"cell_1","cell_2","cell_3"
"惠农区","大武口区","13"
"平罗县","大武口区","5"
"兴庆区","大武口区","2"
"金凤区","大武口区","5"
"灵武市","大武口区","12"
"永宁县","大武口区","7"
"贺兰县","大武口区","12"
"西夏区","大武口区","13"
"红寺堡区","大武口区","4"
"利通区","大武口区","8"
"青铜峡市","大武口区","13"
"同心县","大武口区","3"
"盐池县","大武口区","0"
"隆德县","大武口区","15"
"彭阳县","大武口区","1"
"西吉县","大武口区","5"
"原州区","大武口区","15"
"泾源县","大武口区","9"
"海原县","大武口区","15"
"沙坡头区","大武口区","14"
"中宁县","大武口区","6"
