"cell_1","cell_2","cell_3"
"沈阳","党课","18"
"沈阳","党员大会","22"
"沈阳","党小组会","34"
"沈阳","支部委员会","26"
"大连","党课","31"
"大连","党员大会","25"
"大连","党小组会","25"
"大连","支部委员会","19"
"鞍山","党课","18"
"鞍山","党员大会","24"
"鞍山","党小组会","25"
"鞍山","支部委员会","33"
"抚顺","党课","20"
"抚顺","党员大会","33"
"抚顺","党小组会","16"
"抚顺","支部委员会","31"
"本溪","党课","29"
"本溪","党员大会","32"
"本溪","党小组会","19"
"本溪","支部委员会","20"
"丹东","党课","30"
"丹东","党员大会","21"
"丹东","党小组会","24"
"丹东","支部委员会","25"
"锦州","党课","35"
"锦州","党员大会","29"
"锦州","党小组会","18"
"锦州","支部委员会","18"
"营口","党课","15"
"营口","党员大会","21"
"营口","党小组会","22"
"营口","支部委员会","42"
"阜新","党课","23"
"阜新","党员大会","22"
"阜新","党小组会","27"
"阜新","支部委员会","28"
"辽阳","党课","16"
"辽阳","党员大会","28"
"辽阳","党小组会","27"
"辽阳","支部委员会","29"
"盘锦","党课","16"
"盘锦","党员大会","31"
"盘锦","党小组会","30"
"盘锦","支部委员会","23"
"铁岭","党课","35"
"铁岭","党员大会","17"
"铁岭","党小组会","15"
"铁岭","支部委员会","33"
"朝阳","党课","34"
"朝阳","党员大会","27"
"朝阳","党小组会","16"
"朝阳","支部委员会","23"
"葫芦岛","党课","21"
"葫芦岛","党员大会","30"
"葫芦岛","党小组会","35"
"葫芦岛","支部委员会","14"
