"cell_1","cell_2","cell_3","cell_4"
"1","普通话培训测试中心","教育","租赁"
"2","爱尔信财经教育学校","教育","自购"
"3","国泰君安证券","金融业","租赁"
"4","房客通置业","房地产业","自购"
"5","红凯房地产有限公司","房地产业","租赁"
"6","兴边路桥工程有限公司","建筑业","自购"
"7","建工第五建设公司","建筑业","租赁"
"8","东盛房地产经纪有限公司","房地产业","自购"
"9","华泰证券","金融业","租赁"
"10","五华区五矿证券公司","金融业","自购"
"11","研成通达矿业","采矿业","租赁"
"12","积大制药有限公司","制造业","自购"
"13","辉洲机床制造有限公司","制造业","租赁"
"14","兴中制药","制造业","自购"
"15","三龙机械集团威克拓工贸有限公司","制造业","自购"
"198","机场集团有限责任公司","交通运输、仓储及邮政业","租赁"
"199","滇西铁路有限责任公司","交通运输、仓储及邮政业","自购"
"200","航空有限公司","交通运输、仓储及邮政业","自购"
"201","新世界第一巴士服务有限公司","交通运输、仓储及邮政业","租赁"
"202","邮政公司","交通运输、仓储及邮政业","自购"
"203","中国移动通信集团有限公司","信息传输、计算机服务和软件业","租赁"
"204","中国移动通信集团有限公司分公司","信息传输、计算机服务和软件业","自购"
"205","中国电信股份有限公司分公司","信息传输、计算机服务和软件业","租赁"
"206","中国电信股份有限公司分公司","信息传输、计算机服务和软件业","自购"
"207","通信产业服务有限公司","信息传输、计算机服务和软件业","租赁"
"208","广播电视网络有限责任公司","信息传输、计算机服务和软件业","自购"
"209","南天电子信息产业股份有限公司","信息传输、计算机服务和软件业","租赁"
"210","中国联合网络通信有限公司分公司","信息传输、计算机服务和软件业","自购"
"211","中国电信股份有限公司盘龙区分公司","信息传输、计算机服务和软件业","租赁"
"212","山灞图像传输科技有限公司","信息传输、计算机服务和软件业","自购"
"213","中国电信股份有限公司五华区分公司","信息传输、计算机服务和软件业","租赁"
"214","中国电信股份有限公司西山区分公司","信息传输、计算机服务和软件业","自购"
"215","烟草公司公司","批发和零售业","自购"
"216","卷烟烤烟交易市场","批发和零售业","租赁"
"217","鸿翔一心堂药业（集团）股份有限公司","批发和零售业","自购"
"218","中国烟草进出口有限公司","批发和零售业","租赁"
"219","中国石油化工股份有限公司石油分公司","批发和零售业","自购"
"220","白药集团医药电子商务有限公司","批发和零售业","租赁"
"221","烟草公司公司石林分公司","批发和零售业","自购"
"222","烟草公司公司宜良分公司","批发和零售业","租赁"
"223","沃尔玛百货有限公司","批发和零售业","自购"
"224","烟草公司公司禄劝分公司","批发和零售业","租赁"
"225","城区卷烟配送有限公司","批发和零售业","自购"
"226","烟草公司公司嵩明分公司","批发和零售业","租赁"
"227","烟草公司公司寻甸分公司","批发和零售业","自购"
"228","医药有限公司","批发和零售业","租赁"
"229","金龙百货有限公司","批发和零售业","自购"
"230","云顺和商业发展有限公司","批发和零售业","自购"
"231","家乐福超市有限公司","批发和零售业","租赁"
"232","通达翔投资有限公司","批发和零售业","自购"
"233","中国石油化工股份有限公司石油分公司","批发和零售业","租赁"
"234","昆钢国际贸易有限公司","批发和零售业","自购"
"235","磷化集团有限公司海口磷矿分公司","批发和零售业","租赁"
"236","烟草公司公司官渡分公司","批发和零售业","自购"
"237","黄金矿业集团股份有限公司","批发和零售业","租赁"
"238","中国石油天然气股份有限公司销售公司","批发和零售业","自购"
"239","小松工程机械有限公司","批发和零售业","租赁"
"240","烟草公司公司安宁分公司","批发和零售业","自购"
"241","双龙商场有限公司","批发和零售业","租赁"
"242","金美百货有限公司","批发和零售业","自购"
"243","七彩实业股份有限公司","批发和零售业","租赁"
"244","烟草国际有限公司","批发和零售业","自购"
"245","国美物流有限公司","批发和零售业","自购"
"246","七彩庆沣祥茶业股份有限公司","批发和零售业","租赁"
"247","安能实业有限公司","批发和零售业","自购"
"248","烟草公司公司晋宁分公司","批发和零售业","租赁"
"249","烟草公司公司西山分公司","批发和零售业","自购"
"250","联迪汽车服务有限公司","批发和零售业","租赁"
"251","中国石油天然气股份有限公司销售分公司","批发和零售业","自购"
"252","中国烟草总公司公司","批发和零售业","租赁"
"253","中升丰田汽车销售服务有限公司","批发和零售业","自购"
"254","盘龙云海药品经营有限公司","批发和零售业","租赁"
"255","中国航空油料有限责任公司分公司","批发和零售业","自购"
"256","新百丽鞋业（深圳）有限公司分公司","批发和零售业","租赁"
"257","奥龙世博经贸有限公司","批发和零售业","自购"
"258","七彩（国际）翡翠珠宝有限公司","批发和零售业","租赁"
"259","健之佳连锁健康药房有限公司","批发和零售业","自购"
"260","金时代商务有限公司","批发和零售业","自购"
"261","盐化股份有限公司","批发和零售业","租赁"
"262","苏宁电器有限公司","批发和零售业","自购"
"263","联合电力开发有限公司","批发和零售业","租赁"
"264","烟草公司公司富民分公司","批发和零售业","自购"
"265","安宁永昌物资经贸集团有限公司","批发和零售业","租赁"
"266","东方糖酒有限公司","批发和零售业","自购"
"267","东源煤业集团有限公司","批发和零售业","租赁"
"268","安利（中国）日用品有限公司分公司","批发和零售业","自购"
"269","立锐体育用品有限公司","批发和零售业","租赁"
"270","疾病预防控制中心技术开发服务中心","批发和零售业","自购"
"271","星旗汽车有限公司","批发和零售业","租赁"
"272","英茂商务有限公司","批发和零售业","自购"
"273","远安昆星汽车维修有限公司","批发和零售业","租赁"
"274","宜良县巨华物资回收有限公司","批发和零售业","自购"
"275","国美电器有限公司","批发和零售业","自购"
"276","东骏药业有限公司","批发和零售业","租赁"
"277","中驰汽车销售服务有限公司","批发和零售业","自购"
"278","明晨进出口有限公司","批发和零售业","租赁"
"279","西南商业大厦股份有限公司","批发和零售业","自购"
"280","德邦行实业有限公司","批发和零售业","租赁"
"281","成飞工贸有限公司","批发和零售业","自购"
"282","奥通铁路机械有限责任公司","批发和零售业","租赁"
"283","三禾农业生产资料有限公司","批发和零售业","自购"
"284","鲲鹏农产品电子商务批发市场有限公司","批发和零售业","租赁"
"285","银福珠宝首饰有限公司","批发和零售业","自购"
"286","博田柳工机械设备有限公司","批发和零售业","租赁"
"287","积华医药物流有限公司","批发和零售业","自购"
"288","安宁钰元工贸有限责任公司","批发和零售业","租赁"
"289","安宁市成杰物资经贸有限公司","批发和零售业","自购"
"290","中国石油化工股份有限公司长坡油库","批发和零售业","自购"
"291","中升汽车销售服务有限公司","批发和零售业","租赁"
"292","百货大楼商业有限公司","批发和零售业","自购"
"293","健之佳健康连锁店股份有限公司","批发和零售业","租赁"
"294","英茂糖业有限公司","批发和零售业","自购"
"295","中升雷克萨斯汽车销售服务有限公司","批发和零售业","租赁"
"296","万友汽车销售服务有限公司","批发和零售业","自购"
"297","金诚信矿业管理有限公司","批发和零售业","租赁"
"298","实田汽车销售服务有限公司","批发和零售业","自购"
"299","电力物资公司","批发和零售业","租赁"
"300","讯捷通讯有限公司","批发和零售业","自购"
"301","中国石化集团西南石油局石油天然气销售处","批发和零售业","租赁"
"302","百货大楼（集团）家电有限公司","批发和零售业","自购"
"303","德凯宝马汽车技术服务有限公司","批发和零售业","租赁"
"304","完美（中国）有限公司分公司","批发和零售业","自购"
"305","兴龙珠宝有限公司","批发和零售业","自购"
"306","云顺和商业发展有限公司人民中路分公司","批发和零售业","租赁"
"307","中国石油化工股份有限公司东湖加油站","批发和零售业","自购"
"308","王府井百货有限责任公司","批发和零售业","租赁"
"309","烟草公司公司呈贡分公司","批发和零售业","自购"
"310","金鹰购物广场有限公司","批发和零售业","租赁"
"311","德众汽车销售服务有限公司","批发和零售业","自购"
"312","世纪金源大饭店有限公司","住宿和餐饮业","租赁"
"313","肯德基有限公司","住宿和餐饮业","自购"
"314","饮食服务有限公司","住宿和餐饮业","租赁"
"315","百货大楼（集团）股份有限公司新纪元大酒店","住宿和餐饮业","自购"
"316","天恒大酒店","住宿和餐饮业","租赁"
"317","富滇银行股份有限公司","金融业","自购"
"318","红塔证券股份有限公司","金融业","租赁"
"319","交通银行股份有限公司分行","金融业","自购"
"320","中国人寿保险股份有限公司分公司","金融业","自购"
"321","官渡农村合作银行","金融业","租赁"
"322","西山区农村信用合作联社","金融业","自购"
"323","国际信托有限公司","金融业","租赁"
"324","呈贡县农村信用合作联社","金融业","自购"
"325","招商银行股份有限公司分行","金融业","租赁"
"326","中信银行股份有限公司分行","金融业","自购"
"327","中国光大银行股份有限公司分行","金融业","租赁"
"328","春欣开发投资有限公司","金融业","自购"
"329","华夏银行股份有限公司分行","金融业","租赁"
"330","富滇银行股份有限公司（五华）","金融业","自购"
"331","中国民生银行股份有限公司分行","金融业","租赁"
"332","农村信用社科技结算中心","金融业","自购"
"333","上海浦东发展银行股份有限公司分行","金融业","租赁"
"334","农村信用合作社联合社","金融业","自购"
"335","兴业银行股份有限公司分行","金融业","自购"
"336","盘龙区农村信用合作联社","金融业","租赁"
"337","安宁市农村信用合作联社","金融业","自购"
"338","中国平安财产保险股份有限公司分公司","金融业","租赁"
"339","商业银行股份有限公司","金融业","自购"
"340","五华区农村信用合作联社","金融业","租赁"
"341","中国人民财产保险股份有限公司分公司","金融业","自购"
"342","富民县农村信用合作联社","金融业","租赁"
"343","中国工商银行股份有限公司分行","金融业","自购"
"344","东川区农村信用合作联社","金融业","租赁"
"345","中豪置业有限责任公司","房地产业","自购"
"346","万达房地产有限公司","房地产业","租赁"
"347","星耀体育运动城有限公司","房地产业","自购"
"348","俊发房地产有限责任公司","房地产业","租赁"
"349","南亚风情房地产开发有限公司","房地产业","自购"
"350","盛高置地发展有限公司","房地产业","自购"
"351","联江房地产开发有限公司","房地产业","租赁"
"352","江东房地产集团有限公司","房地产业","自购"
"353","银海房地产开发有限公司","房地产业","租赁"
"354","隆基伟业置业有限公司","房地产业","自购"
"355","红云房地产开发有限公司","房地产业","租赁"
"356","金沙房地产开发有限公司","房地产业","自购"
"357","之江置业有限公司","房地产业","租赁"
"358","仁贤房地产开发有限公司","房地产业","自购"
"359","恒大鑫源（）置业有限公司","房地产业","租赁"
"360","高原明珠房地产开发有限公司","房地产业","自购"
"361","官房土地房屋开发经营股份有限公司","房地产业","租赁"
"362","实力房地产开发经营集团有限公司","房地产业","自购"
"363","鑫益屋业开发有限公司","房地产业","租赁"
"364","天城屋业有限公司","房地产业","自购"
"365","万辉房地产开发有限公司","房地产业","自购"
"366","温泉山谷房地产开发（集团）有限公司","房地产业","租赁"
"367","寓欣房地产开发有限公司","房地产业","自购"
"368","城投兴坤房地产开发有限公司","房地产业","租赁"
"369","长丰房地产开发有限公司","房地产业","自购"
"370","吴井房地产开发有限公司","房地产业","租赁"
"371","嵩明安厦房地产开发经营有限公司","房地产业","自购"
"372","鹏海房地产开发有限公司","房地产业","租赁"
"373","奥宸房地产开发有限公司","房地产业","自购"
"374","伦华房地产开发经营有限公司","房地产业","租赁"
"375","金福地房地产开发经营有限公司","房地产业","自购"
"376","西山土地房屋开发经营（集团）有限公司","房地产业","租赁"
"377","安钡佳房地产开发有限公司","房地产业","自购"
"378","城建房地产开发股份有限公司","房地产业","租赁"
"379","汇锦房地产开发有限公司","房地产业","自购"
"380","泰兴隆房地产开发集团有限公司","房地产业","自购"
"381","西山区城市建设投资开发有限责任公司","房地产业","租赁"
"382","官城房地产开发有限公司","房地产业","自购"
"383","百大集团野鸭湖房地产开发有限公司","房地产业","租赁"
"384","中天世纪房地产开发经营有限公司","房地产业","自购"
"385","中房现代房地产开发有限公司","房地产业","租赁"
"386","柏联房地产开发有限公司","房地产业","自购"
"387","国联屋业发展有限公司","房地产业","租赁"
"388","怡宁房地产开发有限公司","房地产业","自购"
"389","红星美凯龙置业有限公司","房地产业","租赁"
"390","安宁创佳房地产开发有限公司","房地产业","自购"
"391","百货大楼（集团）股份有限公司","房地产业","租赁"
"392","日报报业集团安之泰房地产开发有限公司","房地产业","自购"
"393","红塔房地产开发公司","房地产业","租赁"
"394","城邑房地产开发有限公司","房地产业","自购"
"395","滇沪科教合作发展有限公司","房地产业","自购"
"396","经龙典房地产开发有限公司","房地产业","租赁"
"397","奥宸房地产开发有限公司阳光城分公司","房地产业","自购"
"398","中乾房地产开发有限公司","房地产业","租赁"
"399","佳士森房地产开发有限公司","房地产业","自购"
"400","京鹏房地产开发有限公司","房地产业","租赁"
"401","俊发凤凰置业有限公司","房地产业","自购"
"402","吉兴隆地产开发有限责任公司","房地产业","租赁"
"403","正大地产有限公司","房地产业","自购"
"404","浙联地产有限公司","房地产业","租赁"
"405","远腾（集团）房地产开发有限公司","房地产业","自购"
"406","大商汇实业有限公司","房地产业","租赁"
"407","安宁龙基房地产开发有限公司","房地产业","自购"
"408","驰利房地产开发有限公司","房地产业","租赁"
"409","赛伦房地产有限公司","房地产业","自购"
"410","荣合房地产开发有限公司晋宁分公司","房地产业","自购"
"411","筑友房地产开发有限公司","房地产业","租赁"
"412","驣辉房地产开发经营有限公司","房地产业","自购"
"413","华海房地产开发经营有限公司","房地产业","租赁"
"414","怡泰房地产开发有限公司","房地产业","自购"
"415","百年置业房地产开发有限公司","房地产业","租赁"
"416","鼎易房地产开发有限责任公司","房地产业","自购"
"417","华丰集团股份有限公司","房地产业","租赁"
"418","安宁保利房地产开发有限公司","房地产业","自购"
"419","利宇房地产开发有限公司","房地产业","租赁"
"420","顺新置业房地产开发有限公司","房地产业","自购"
"421","博欣房地产开发有限公司","房地产业","租赁"
"422","万通房地产开发有限公司（朝花羲拾项目部）","房地产业","自购"
"423","欧宸房地产开发经营有限公司","房地产业","租赁"
"424","禄劝鸿曦房地产开发经营有限公司","房地产业","自购"
"425","容畅投资（集团）有限公司","房地产业","自购"
"426","云安房地产开发有限公司","房地产业","租赁"
"427","铜业房地产开发有限公司","房地产业","自购"
"428","云景房地产开发有限公司","房地产业","租赁"
"429","志远房地产开发有限公司","房地产业","自购"
"430","玉泰房地产开发有限公司","房地产业","租赁"
"431","星耀[国际]俱乐部有限公司","房地产业","自购"
"432","春融房地产开发有限公司","房地产业","租赁"
"433","集成广福房地产开发有限公司","房地产业","自购"
"434","启鸿房地产开发有限公司","房地产业","租赁"
"435","双峰房地产开发有限公司","房地产业","自购"
"436","嵩明天晖房地产开发有限公司","房地产业","租赁"
"437","顺江房地产开发经营有限公司","房地产业","自购"
"438","晓安拆迁经营有限责任公司","房地产业","租赁"
"439","金马源房地产开发（集团）有限公司","房地产业","自购"
"440","安宁盛世锦院房地产开发有限公司","房地产业","自购"
