"cell_1","cell_2","cell_3"
"天津市","69","甘肃省"
"北京市","13","甘肃省"
"上海市","187","甘肃省"
"重庆市","134","甘肃省"
"河北省","24","甘肃省"
"山西省","79","甘肃省"
"吉林省","1","甘肃省"
"黑龙江省","122","甘肃省"
"江苏省","105","甘肃省"
"安徽省","43","甘肃省"
"浙江省","86","甘肃省"
"福建省","179","甘肃省"
"江西省","158","甘肃省"
"山东省","36","甘肃省"
"河南省","107","甘肃省"
"湖北省","73","甘肃省"
"广东省","51","甘肃省"
"湖南省","43","甘肃省"
"海南省","141","甘肃省"
"四川省","168","甘肃省"
"贵州省","52","甘肃省"
"云南省","139","甘肃省"
"台湾省","24","甘肃省"
"内蒙古自治区","178","甘肃省"
"广西壮族自治区","173","甘肃省"
"西藏自治区","110","甘肃省"
"新疆维吾尔自治区","190","甘肃省"
"香港特别行政区","26","甘肃省"
"澳门特别行政区","1","甘肃省"
"北京市","33","青海省"
"天津市","6","青海省"
"上海市","28","青海省"
"重庆市","8","青海省"
"山西省","24","青海省"
"河北省","0","青海省"
"吉林省","42","青海省"
"黑龙江省","28","青海省"
"江苏省","34","青海省"
"浙江省","19","青海省"
"安徽省","15","青海省"
"福建省","46","青海省"
"江西省","30","青海省"
"山东省","37","青海省"
"河南省","0","青海省"
"湖北省","16","青海省"
"湖南省","40","青海省"
"广东省","10","青海省"
"海南省","37","青海省"
"贵州省","47","青海省"
"云南省","24","青海省"
"四川省","8","青海省"
"台湾省","24","青海省"
"内蒙古自治区","18","青海省"
"广西壮族自治区","14","青海省"
"西藏自治区","0","青海省"
"香港特别行政区","20","青海省"
"新疆维吾尔自治区","37","青海省"
"北京市","17","宁夏回族自治区"
"天津市","24","宁夏回族自治区"
"澳门特别行政区","20","青海省"
"上海市","21","宁夏回族自治区"
"重庆市","18","宁夏回族自治区"
"河北省","8","宁夏回族自治区"
"山西省","36","宁夏回族自治区"
"吉林省","38","宁夏回族自治区"
"黑龙江省","5","宁夏回族自治区"
"江苏省","35","宁夏回族自治区"
"浙江省","19","宁夏回族自治区"
"安徽省","41","宁夏回族自治区"
"福建省","46","宁夏回族自治区"
"江西省","39","宁夏回族自治区"
"河南省","49","宁夏回族自治区"
"湖北省","33","宁夏回族自治区"
"湖南省","26","宁夏回族自治区"
"广东省","42","宁夏回族自治区"
"山东省","25","宁夏回族自治区"
"海南省","20","宁夏回族自治区"
"四川省","45","宁夏回族自治区"
"贵州省","10","宁夏回族自治区"
"澳门特别行政区","48","宁夏回族自治区"
"北京市","18","陕西省"
"天津市","0","陕西省"
"云南省","25","宁夏回族自治区"
"上海市","6","陕西省"
"重庆市","12","陕西省"
"河北省","4","陕西省"
"山西省","3","陕西省"
"吉林省","4","陕西省"
"江西省","2","陕西省"
"山东省","4","陕西省"
"河南省","17","陕西省"
"新疆维吾尔自治区","17","陕西省"
"香港特别行政区","17","陕西省"
"澳门特别行政区","12","陕西省"
"北京市","11","辽宁省"
"湖北省","14","陕西省"
"天津市","0","辽宁省"
"上海市","13","辽宁省"
"浙江省","2","辽宁省"
"黑龙江省","9","辽宁省"
"安徽省","17","辽宁省"
"福建省","17","辽宁省"
"江西省","17","辽宁省"
"山东省","14","辽宁省"
"河南省","7","辽宁省"
"湖北省","11","辽宁省"
"湖南省","4","辽宁省"
"广东省","3","辽宁省"
"海南省","6","辽宁省"
"四川省","3","辽宁省"
"贵州省","0","辽宁省"
"云南省","0","辽宁省"
"台湾省","16","辽宁省"
"内蒙古自治区","18","辽宁省"
"广西壮族自治区","7","辽宁省"
"江苏省","8","辽宁省"
