"cell_1","cell_2","cell_3"
"上海市","云南","506"
"云南省","云南","5516"
"内蒙古自治区","云南","530"
"北京市","云南","442"
"台湾省","云南","476"
"吉林省","云南","501"
"四川省","云南","498"
"天津市","云南","488"
"宁夏回族自治区","云南","499"
"安徽省","云南","525"
"山东省","云南","486"
"山西省","云南","505"
"广东省","云南","484"
"广西壮族自治区","云南","543"
"新疆维吾尔自治区","云南","496"
"江苏省","云南","475"
"江西省","云南","512"
"河北省","云南","483"
"河南省","云南","500"
"浙江省","云南","501"
"海南省","云南","500"
"湖北省","云南","496"
"湖南省","云南","495"
"甘肃省","云南","481"
"福建省","云南","506"
"西藏自治区","云南","500"
"贵州省","云南","536"
"辽宁省","云南","512"
"重庆市","云南","467"
"陕西省","云南","506"
"青海省","云南","505"
"黑龙江省","云南","555"
