"cell_1","cell_2","cell_3"
"沈阳","两新党组织","24.33"
"沈阳","村党组织","39.32"
"沈阳","社区党组织","18.12"
"沈阳","学校党组织","16.25"
"沈阳","机关党组织","1.98"
"大连","两新党组织","15.66"
"大连","村党组织","26.53"
"大连","社区党组织","32.04"
"大连","学校党组织","13.42"
"大连","机关党组织","12.35"
"鞍山","两新党组织","16"
"鞍山","村党组织","28.19"
"鞍山","社区党组织","33.48"
"鞍山","学校党组织","17.89"
"鞍山","机关党组织","4.44"
"抚顺","两新党组织","26.96"
"抚顺","村党组织","25.1"
"抚顺","社区党组织","12.26"
"抚顺","学校党组织","18.62"
"抚顺","机关党组织","17.06"
"本溪","两新党组织","22.79"
"本溪","村党组织","26.55"
"本溪","社区党组织","13.43"
"本溪","学校党组织","18.87"
"本溪","机关党组织","18.36"
"丹东","两新党组织","19.19"
"丹东","村党组织","32.58"
"丹东","社区党组织","16.78"
"丹东","学校党组织","13.18"
"丹东","机关党组织","18.27"
"锦州","两新党组织","21.53"
"锦州","村党组织","27.05"
"锦州","社区党组织","11.07"
"锦州","学校党组织","15.83"
"锦州","机关党组织","24.52"
"营口","两新党组织","34.58"
"营口","村党组织","25.42"
"营口","社区党组织","10.68"
"营口","学校党组织","10.64"
"营口","机关党组织","18.68"
"阜新","两新党组织","31.17"
"阜新","村党组织","32.21"
"阜新","社区党组织","14.92"
"阜新","学校党组织","14.33"
"阜新","机关党组织","7.37"
"辽阳","两新党组织","22.78"
"辽阳","村党组织","32.53"
"辽阳","社区党组织","10.6"
"辽阳","学校党组织","19.06"
"辽阳","机关党组织","15.03"
"盘锦","两新党组织","16.77"
"盘锦","村党组织","26.13"
"盘锦","社区党组织","12.76"
"盘锦","学校党组织","10.23"
"盘锦","机关党组织","34.11"
"铁岭","两新党组织","25.11"
"铁岭","村党组织","30.17"
"铁岭","社区党组织","19.68"
"铁岭","学校党组织","15.12"
"铁岭","机关党组织","9.92"
"朝阳","两新党组织","24.91"
"朝阳","村党组织","28.27"
"朝阳","社区党组织","13.69"
"朝阳","学校党组织","13.88"
"朝阳","机关党组织","19.25"
"葫芦岛","两新党组织","17.68"
"葫芦岛","村党组织","34.17"
"葫芦岛","社区党组织","10.69"
"葫芦岛","学校党组织","19.05"
"葫芦岛","机关党组织","18.41"
