"cell_1","cell_2","cell_3","cell_4","cell_5","cell_6","cell_7","cell_8"
"11011","北京一期（百货）","北方区","华北","北京","加盟店","生活馆","北京店"
"11012","北京二期（百货）","北方区","华北","北京","加盟店","生活馆","北京店"
"11013","北彩旋店","北方区","华北","北京","加盟店","时尚馆","北彩旋店"
"11014","北利莹百货","北方区","华北","北京","加盟店","生活馆","北利莹店"
"1101A","北时尚店","北方区","华北","北京","加盟店","时尚馆","北时尚店"
"1101B","北千姿店","北方区","华北","北京","加盟店","生活馆","北千姿店"
"1101C","北妙购店","北方区","华北","北京","其它店","生活馆","北妙购店"
"1101D","北万雅店","北方区","华北","北京","连锁店","时尚馆","北彩旋店"
"12011","天新百店","北方区","华北","北京","加盟店","生活馆","天新百店"
"21011","长春国贸","北方区","东北","吉林","加盟店","时尚馆","长春国贸"
"21012","沈太原店","北方区","东北","辽宁","加盟店","时尚馆","沈太原店"
"21013","沈中华店","北方区","东北","辽宁","加盟店","生活馆","沈中华店"
"21014","沈津桥店","北方区","东北","辽宁","加盟店","生活馆","沈津桥店"
"2101B","沈阳天润","北方区","东北","辽宁","加盟店","生活馆","沈津桥店"
"21021","大连店","北方区","东北","辽宁","连锁店","时尚馆","大连店"
"21031","鞍山店","北方区","东北","辽宁","加盟店","时尚馆","鞍山店"
"23011","哈尔滨百货","北方区","东北","哈尔滨","加盟店","生活馆","哈尔滨店"
"31011","上新宁店","东南区","上海","上海","加盟店","时尚馆","上新宁店"
"31012","上淮海店","东南区","上海","上海","加盟店","时尚馆","上淮海店"
"31013","上虹口店","东南区","上海","上海","加盟店","时尚馆","上虹口店"
"31014","上长宁店","东南区","上海","上海","加盟店","时尚馆","上长宁店"
"3101A","上七宝店","东南区","上海","上海","加盟店","生活馆","上七宝店"
"3101B","上五角场店","东南区","上海","上海","连锁店","生活馆","上五角场店"
"3101C","上浦建店","东南区","上海","上海","加盟店","生活馆","上浦建店"
"3101D","上宝山店","东南区","上海","上海","加盟店","生活馆","上宝山店"
"3101E","上成山店","东南区","上海","上海","加盟店","生活馆","上成山店"
"3101G","上陜西路店","东南区","上海","上海","加盟店","生活馆","上陜西路店"
"32011","南京店","东南区","华东","江苏","加盟店","时尚馆","南京店"
"32021","无锡店","东南区","华东","江苏","加盟店","时尚馆","无锡店"
"33021","宁江东店","东南区","华东","江苏","加盟店","时尚馆","宁江东店"
"33022","宁汇美店","东南区","华东","江苏","加盟店","时尚馆","宁汇美店"
"33023","宁汇姿店","东南区","华东","江苏","连锁店","生活馆","宁汇姿店"
"33101","台州店","东南区","华东","江苏","其它店","时尚馆","台州店"
"35021","厦门店","东南区","华东","福建","其它店","时尚馆","厦门店"
"41011","郑州店","中西区","中南","河南","加盟店","生活馆","郑州店"
"42011","武汉百货","中西区","华中","湖北","加盟店","生活馆","武建设店"
"42012","武江汉店","中西区","华中","湖北","加盟店","时尚馆","武江汉店"
"42013","武汇美店","中西区","华中","湖北","加盟店","时尚馆","武武昌店"
"42014","武桥口店","中西区","华中","湖北","加盟店","生活馆","武桥口店"
"4201A","武徐东店","中西区","华中","湖北","连锁店","时尚馆","武徐东店"
"4201B","武汉阳店","中西区","华中","湖北","加盟店","生活馆","武汉阳店"
"43011","长沙店","中西区","中南","湖南","加盟店","时尚馆","长沙店"
"51011","成都店","中西区","西南","四川","加盟店","时尚馆","成都店"
"51021","重庆店","中西区","西南","重庆","加盟店","时尚馆","重庆店"
"51071","绵阳店","中西区","西南","四川","加盟店","生活馆","绵阳店"
"53011","昆明店","中西区","西南","云南","加盟店","时尚馆","昆明店"
"62011","兰州百货","北方区","西北","甘肃","加盟店","时尚馆","兰州店"
"S0011","北京一期（超市)","北方区","华北","北京","加盟店","生活馆","北京店"
"S0021","武汉超市","中西区","华中","湖北","加盟店","生活馆","武建设店"
"S0041","新宁超市","东南区","上海","上海","加盟店","时尚馆","上新宁店"
"S0051","大连超市","北方区","东北","辽宁","连锁店","时尚馆","大连店"
"S0061","兰州超市","北方区","西北","甘肃","加盟店","时尚馆","兰州店"
"S0071","北利莹超市","北方区","华北","北京","加盟店","生活馆","北利莹店"
"S0081","哈尔滨超市","北方区","东北","黑龙江","加盟店","生活馆","哈尔滨店"
"S0091","北时尚超市","北方区","华北","北京","加盟店","时尚馆","北时尚店"
"S0101","北妙购超市","北方区","华北","北京","其它店","生活馆","北妙购店"
"XA1","西安店","北方区","华北","陕西","加盟店","生活馆","西安店"
