"cell_1","cell_2","cell_3"
"沈阳市","企业总数","90499"
"沈阳市","已自查企业数","2721"
"沈阳市","隐患数","5111"
"沈阳市","整改数","4960"
"沈阳市","整改率","97"
"大连市","企业总数","2060"
"大连市","已自查企业数","400"
"大连市","隐患数","1285"
"大连市","整改数","1249"
"大连市","整改率","97.2"
"鞍山市","企业总数","2572"
"鞍山市","已自查企业数","979"
"鞍山市","隐患数","715"
"鞍山市","整改数","683"
"鞍山市","整改率","95.5"
"抚顺市","企业总数","455"
"抚顺市","已自查企业数","37"
"抚顺市","隐患数","95"
"抚顺市","整改数","95"
"抚顺市","整改率","100"
"本溪市","企业总数","507"
"本溪市","已自查企业数","273"
"本溪市","隐患数","824"
"本溪市","整改数","809"
"本溪市","整改率","98.2"
"丹东市","企业总数","1680"
"丹东市","已自查企业数","43"
"丹东市","隐患数","140"
"丹东市","整改数","139"
"丹东市","整改率","99.3"
"锦州市","企业总数","363"
"锦州市","已自查企业数","110"
"锦州市","隐患数","259"
"锦州市","整改数","253"
"锦州市","整改率","97.7"
"营口市","企业总数","1712"
"营口市","已自查企业数","440"
"营口市","隐患数","704"
"营口市","整改数","690"
"营口市","整改率","98"
"阜新市","企业总数","572"
"阜新市","已自查企业数","109"
"阜新市","隐患数","283"
"阜新市","整改数","264"
"阜新市","整改率","93.3"
"辽阳市","企业总数","295"
"辽阳市","已自查企业数","27"
"辽阳市","隐患数","106"
"辽阳市","整改数","98"
"辽阳市","整改率","92.5"
"盘锦市","企业总数","1241"
"盘锦市","已自查企业数","628"
"盘锦市","隐患数","2999"
"盘锦市","整改数","2976"
"盘锦市","整改率","99.2"
"铁岭市","企业总数","1664"
"铁岭市","已自查企业数","8"
"铁岭市","隐患数","5"
"铁岭市","整改数","4"
"铁岭市","整改率","80"
"朝阳市","企业总数","1248"
"朝阳市","已自查企业数","482"
"朝阳市","隐患数","118"
"朝阳市","整改数","99"
"朝阳市","整改率","83.9"
"葫芦岛市","企业总数","1830"
"葫芦岛市","已自查企业数","700"
"葫芦岛市","隐患数","798"
"葫芦岛市","整改数","706"
"葫芦岛市","整改率","88.5"
