"cell_1","cell_2"
"八项规定","100"
"反“四风”","90"
"三严三实","80"
"四个“统一”","70"
"监督执纪“四种形态”","60"
"两学一做","50"
"四个“合格”","40"
"三个“确保”","30"
"“四讲四有”","19"
"四个“自我”","18"
"反腐“三清”目标","15"
"党风廉政建设“两个责任”","17"
"四个意识","20"
"四个“铁一般”","16"
"一案双查","14"
"关键少数","3"
"四凡四必","2"
"领导干部“四讲”","4"
"压倒性优势","6"
"党的“六大纪律”","9"
"党内政治生活“四性”","10"
"“六有”政治局面","8"
"拍蝇打虎","5"
"打铁还需自身硬","7"
"好干部“五条标准”","12"
"心中“四有”","11"
"专项巡视","13"
