"cell_1","cell_2","cell_3"
"2012","Illinois","2343"
"2012","Tennessee","2978"
"2012","Mississippi","261"
"2012","Michigan","2910"
"2012","Indiana","244"
"2012","Kentucky","681"
"2012","Alabama","2202"
"2013","Illinois","716"
"2013","Tennessee","3010"
"2013","Mississippi","592"
"2013","Michigan","4571"
"2013","Indiana","205"
"2013","Kentucky","459"
"2013","Alabama","1098"
"2014","Illinois","701"
"2014","Tennessee","3943"
"2014","Mississippi","1092"
"2014","Michigan","3533"
"2014","Indiana","407"
"2014","Kentucky","402"
"2014","Alabama","721"
"2015","Illinois","465"
"2015","Tennessee","2805"
"2015","Mississippi","205"
"2015","Michigan","3864"
"2015","Indiana","1681"
"2015","Kentucky","658"
"2015","Alabama","455"
"2016","Illinois","1074"
"2016","Tennessee","2294"
"2016","Mississippi","579"
"2016","Michigan","4100"
"2016","Indiana","1110"
"2016","Kentucky","285"
"2016","Alabama","953"
"2017","Illinois","600"
"2017","Tennessee","3168"
"2017","Mississippi","569"
"2017","Michigan","3275"
"2017","Indiana","403"
"2017","Kentucky","500"
"2017","Alabama","1112"
