"cell_1","cell_2","cell_3"
"年末资产负债","流动资产","104201782.2"
"年末资产负债","长期投资","14213151.44"
"年末资产负债","固定资产","69663747.44"
"年末资产负债","累计折旧","6396872.92"
"年末资产负债","资产合计","132495123"
"年末资产负债","负债合计","89801601.86"
"年末资产负债","所有者权益合计","42693521.14"
"损益及分配","营业收入","418901324.9"
"损益及分配","营业成本","390176446.3"
"损益及分配","营业费用","13736024.34"
"损益及分配","营业税金及附加","1611514.982"
"损益及分配","主营业务利润","24799120.78"
"损益及分配","管理费用","12915538.92"
"损益及分配","财务费用","129433.0068"
"损益及分配","营业利润","1859692.221"
"损益及分配","投资收益","800775.3961"
"损益及分配","利润总额","2188149.595"
"损益及分配","所得税","857930.055"
"工资、福利费","本年应付职工薪酬","30428161.73"
"全部从业人员年平均人数","大专以上学历人数","244112"
"全部从业人员年平均人数","大专以下学历人数","89918"
