"cell_1","cell_2","cell_3"
"Category 1","Afghanistan","32358260"
"Category 1","Bahrain","1323535"
"Category 1","Bangladesh","150493658"
"Category 1","Bhutan","738267"
"Category 1","Brunei","405938"
"Category 1","Cambodia","14305183"
"Category 1","China","1347565324"
"Category 1","HongKong,China","7122187"
"Category 1","India","1241491960"
"Category 1","Indonesia","242325638"
"Category 1","Iran","74798599"
"Category 1","Iraq","32664942"
"Category 1","Israel","7562194"
"Category 1","Japan","126497241"
"Category 1","Jordan","6330169"
"Category 1","Kazakhstan","16206750"
"Category 1","Korea,Dem.Rep.","24451285"
"Category 1","Korea,Rep.","48391343"
"Category 1","Kuwait","2818042"
"Category 1","Kyrgyzstan","5392580"
"Category 1","Laos","6288037"
"Category 1","Lebanon","4259405"
"Category 1","Malaysia","28859154"
"Category 1","Mongolia","2800114"
"Category 1","Myanmar","48336763"
"Category 1","Nepal","30485798"
"Category 1","Oman","2846145"
"Category 1","Pakistan","176745364"
"Category 1","Philippines","94852030"
"Category 1","Qatar","1870041"
"Category 1","SaudiArabia","28082541"
"Category 1","Singapore","5187933"
"Category 1","SriLanka","21045394"
"Category 1","Syria","20766037"
"Category 1","Taiwan","23072000"
"Category 1","Tajikistan","6976958"
"Category 1","Thailand","69518555"
"Category 1","Turkmenistan","5105301"
"Category 1","UnitedArabEmirates","7890924"
"Category 1","Uzbekistan","27760267"
"Category 1","Vietnam","88791996"
"Category 1","WestBankandGaza","4152369"
"Category 1","Yemen,Rep.","24799880"
"Category 3","Algeria","35980193"
"Category 3","Angola","19618432"
"Category 3","Benin","9099922"
"Category 3","Botswana","2030738"
"Category 3","BurkinaFaso","16967845"
"Category 3","Burundi","8575172"
"Category 3","Cameroon","20030362"
"Category 3","CapeVerde","500585"
"Category 3","CentralAfricanRep.","4486837"
"Category 3","Chad","11525496"
"Category 3","Comoros","753943"
"Category 3","Congo,Dem.Rep.","67757577"
"Category 3","Congo,Rep.","4139748"
"Category 3","CotedIvoire","20152894"
"Category 3","Djibouti","905564"
"Category 3","Egypt","82536770"
"Category 3","EquatorialGuinea","720213"
"Category 3","Eritrea","5415280"
"Category 3","Ethiopia","84734262"
"Category 3","Gabon","1534262"
"Category 3","Gambia","1776103"
"Category 3","Ghana","24965816"
"Category 3","Guinea","10221808"
"Category 3","Guinea-Bissau","1547061"
"Category 3","Kenya","41609728"
"Category 3","Lesotho","2193843"
"Category 3","Liberia","4128572"
"Category 3","Libya","6422772"
"Category 3","Madagascar","21315135"
"Category 3","Malawi","15380888"
"Category 3","Mali","15839538"
"Category 3","Mauritania","3541540"
"Category 3","Mauritius","1306593"
"Category 3","Morocco","32272974"
"Category 3","Mozambique","23929708"
"Category 3","Namibia","2324004"
"Category 3","Niger","16068994"
"Category 3","Nigeria","162470737"
"Category 3","Rwanda","10942950"
"Category 3","Senegal","12767556"
"Category 3","SierraLeone","5997486"
"Category 3","Somalia","9556873"
"Category 3","SouthAfrica","50459978"
"Category 3","Sudan","34735288"
"Category 3","Swaziland","1203330"
"Category 3","Tanzania","46218486"
"Category 3","Togo","6154813"
"Category 3","Tunisia","10594057"
"Category 3","Uganda","34509205"
"Category 3","Zambia","13474959"
"Category 3","Zimbabwe","12754378"
"Category 2","Albania","3215988"
"Category 2","Armenia","3100236"
"Category 2","Austria","8413429"
"Category 2","Azerbaijan","9306023"
"Category 2","Belarus","9559441"
"Category 2","Belgium","10754056"
"Category 2","BosniaandHerzegovina","3752228"
"Category 2","Bulgaria","7446135"
"Category 2","Croatia","4395560"
"Category 2","Cyprus","1116564"
"Category 2","CzechRep.","10534293"
"Category 2","Denmark","5572594"
"Category 2","Estonia","1340537"
"Category 2","Finland","5384770"
"Category 2","France","63125894"
"Category 2","Georgia","4329026"
"Category 2","Germany","82162512"
"Category 2","Greece","11390031"
"Category 2","Hungary","9966116"
"Category 2","Iceland","324366"
"Category 2","Ireland","4525802"
"Category 2","Italy","60788694"
"Category 2","Latvia","2243142"
"Category 2","Lithuania","3307481"
"Category 2","Luxembourg","515941"
"Category 2","Macedonia,FYR","2063893"
"Category 2","Moldova","3544864"
"Category 2","Montenegro","632261"
"Category 2","Netherlands","16664746"
"Category 2","Norway","4924848"
"Category 2","Poland","38298949"
"Category 2","Portugal","10689663"
"Category 2","Romania","21436495"
"Category 2","Russia","142835555"
"Category 2","Serbia","9853969"
"Category 2","SlovakRepublic","5471502"
"Category 2","Slovenia","2035012"
"Category 2","Spain","46454895"
"Category 2","Sweden","9440747"
"Category 2","Switzerland","7701690"
"Category 2","Turkey","73639596"
"Category 2","Ukraine","45190180"
"Category 2","UnitedKingdom","62417431"
"Category 5","Australia","22605732"
"Category 5","Fiji","868406"
"Category 5","NewZealand","4414509"
"Category 5","PapuaNewGuinea","7013829"
"Category 5","SolomonIslands","552267"
"Category 6","Canada","34349561"
"Category 6","CostaRica","4726575"
"Category 6","Cuba","11253665"
"Category 6","DominicanRep.","10056181"
"Category 6","ElSalvador","6227491"
"Category 6","Guatemala","14757316"
"Category 6","Haiti","10123787"
"Category 6","Honduras","7754687"
"Category 6","Jamaica","2751273"
"Category 6","Mexico","114793341"
"Category 6","Nicaragua","5869859"
"Category 6","Panama","3571185"
"Category 6","PuertoRico","3745526"
"Category 6","TrinidadandTobago","1346350"
"Category 6","UnitedStates","313085380"
"Category 4","Argentina","40764561"
"Category 4","Bolivia","10088108"
"Category 4","Chile","17269525"
"Category 4","Colombia","46927125"
"Category 4","Ecuador","14666055"
"Category 4","Guyana","756040"
"Category 4","Paraguay","6568290"
"Category 4","Peru","29399817"
"Category 4","Suriname","529419"
"Category 4","Uruguay","3380008"
"Category 4","Venezuela","29436891"
