"cell_1","cell_2","cell_3"
"Books","2010","1387"
"Books","2011","1106"
"Books","2012","626"
"Books","2013","926"
"Books","2014","588"
"Books","2015","588"
"Kitchenware","2010","2250"
"Kitchenware","2011","1939"
"Kitchenware","2012","1932"
"Kitchenware","2013","1761"
"Kitchenware","2014","1708"
"Kitchenware","2015","1603"
"Appliances","2010","1651"
"Appliances","2011","1665"
"Appliances","2012","2545"
"Appliances","2013","2172"
"Appliances","2014","1946"
"Appliances","2015","1967"
"VideoGames","2010","1277"
"VideoGames","2011","1948"
"VideoGames","2012","1410"
"VideoGames","2013","1715"
"VideoGames","2014","1592"
"VideoGames","2015","1453"
"Clothing","2010","1140"
"Clothing","2011","907"
"Clothing","2012","810"
"Clothing","2013","721"
"Clothing","2014","784"
"Clothing","2015","1192"
"Auto Accessories","2010","1416"
"Auto Accessories","2011","842"
"Auto Accessories","2012","985"
"Auto Accessories","2013","802"
"Auto Accessories","2014","1112"
"Auto Accessories","2015","1209"
"Office Supplies","2010","1920"
"Office Supplies","2011","1659"
"Office Supplies","2012","1724"
"Office Supplies","2013","1382"
"Office Supplies","2014","1881"
"Office Supplies","2015","1218"
"Sports","2010","578"
"Sports","2011","585"
"Sports","2012","767"
"Sports","2013","654"
"Sports","2014","784"
"Sports","2015","397"
