"cell_1","cell_2","cell_3"
"黑龙江","辽宁省","470"
"吉林省","辽宁省","294"
"河北省","辽宁省","147"
"河南省","辽宁省","39"
"湖北省","辽宁省","27"
"湖南省","辽宁省","413"
"山东省","辽宁省","486"
"山西省","辽宁省","14"
"陕西省","辽宁省","256"
"安徽省","辽宁省","168"
"浙江省","辽宁省","420"
"江苏省","辽宁省","231"
"福建省","辽宁省","454"
"广东省","辽宁省","285"
"海南省","辽宁省","46"
"四川省","辽宁省","136"
"云南省","辽宁省","463"
"贵州省","辽宁省","239"
"青海省","辽宁省","58"
"甘肃省","辽宁省","371"
"江西省","辽宁省","170"
"内蒙古自治区","辽宁省","247"
"宁夏回族自治区","辽宁省","73"
"新疆维吾尔自治区","辽宁省","109"
"西藏自治区","辽宁省","142"
"广西壮族自治区","辽宁省","136"
"北京市","辽宁省","80"
"上海市","辽宁省","382"
"天津市","辽宁省","250"
"重庆市","辽宁省","342"
