"cell_1","cell_2","cell_3","cell_4","cell_5"
"朝阳派出所","手机通话","27","涉毒","30"
"青山派出所","手机通话","30","涉毒","30"
"人民路派出所","手机通话","26","涉毒","22"
"罗湖派出所","手机通话","26","涉毒","21"
"长胜派出所","手机通话","24","涉毒","25"
"朝阳派出所","互联网","80","涉毒","72"
"青山派出所","互联网","67","涉稳","66"
"人民路派出所","互联网","72","涉稳","69"
"罗湖派出所","互联网","65","涉稳","77"
"长胜派出所","互联网","61","涉稳","69"
"朝阳派出所","邮件","4","涉稳","1"
"青山派出所","邮件","9","涉稳","10"
"人民路派出所","邮件","8","涉稳","8"
"罗湖派出所","邮件","8","涉疆","7"
"长胜派出所","邮件","8","涉疆","4"
"朝阳派出所","手机短信","20","涉疆","26"
"青山派出所","手机短信","23","涉疆","23"
"人民路派出所","手机短信","26","涉疆","25"
"长胜派出所","手机短信","21","涉疆","27"
"罗湖派出所","手机短信","21","涉疆","21"
