"cell_1","cell_2","cell_3","cell_4"
"APPLE","Illinois","458045","Water Heater 1"
"APPLE","Tennessee","1410119","Water Heater 1"
"APPLE","Mississippi","294857","Water Heater 1"
"APPLE","Michigan","2766867","Water Heater 1"
"APPLE","Indiana","250049","Water Heater 1"
"APPLE","Kentucky","5417360","Water Heater 1"
"APPLE","Alabama","762993","Water Heater 1"
"SAMSUNG","Illinois","668760","Water Heater 4"
"SAMSUNG","Tennessee","4137729","Water Heater 4"
"SAMSUNG","Mississippi","1129217","Water Heater 4"
"SAMSUNG","Michigan","1417486","Water Heater 4"
"SAMSUNG","Indiana","711198","Water Heater 4"
"SAMSUNG","Kentucky","779491","Water Heater 4"
"SAMSUNG","Alabama","867702","Water Heater 4"
"LG","Illinois","586399","Water Heater 3"
"LG","Tennessee","579252","Water Heater 3"
"LG","Mississippi","619660","Water Heater 3"
"LG","Michigan","1174497","Water Heater 3"
"LG","Indiana","147904","Water Heater 3"
"LG","Kentucky","875744","Water Heater 3"
"LG","Alabama","467571","Water Heater 3"
"TCL","Illinois","730269","Water Heater 5"
"TCL","Tennessee","226452","Water Heater 5"
"TCL","Mississippi","483662","Water Heater 5"
"TCL","Michigan","359410","Water Heater 5"
"TCL","Indiana","16762","Water Heater 5"
"TCL","Kentucky","445710","Water Heater 5"
"TCL","Alabama","791523","Water Heater 5"
"ZTE","Illinois","107839","Water Heater 6"
"ZTE","Tennessee","178105","Water Heater 6"
"ZTE","Mississippi","617613","Water Heater 6"
"ZTE","Michigan","23300","Water Heater 6"
"ZTE","Indiana","384734","Water Heater 6"
"ZTE","Kentucky","176526","Water Heater 6"
"ZTE","Alabama","584136","Water Heater 6"
"HTC","Illinois","23744","Water Heater 2"
"HTC","Tennessee","123300","Water Heater 2"
"HTC","Mississippi","201716","Water Heater 2"
"HTC","Michigan","227088","Water Heater 2"
"HTC","Indiana","49005","Water Heater 2"
"HTC","Kentucky","105154","Water Heater 2"
"HTC","Alabama","357375","Water Heater 2"
