"cell_1","cell_2","cell_3"
"东鸡冠山景区","金石滩","348"
"白玉山景区","东鸡冠山景区","113"
"日俄监狱","白玉山景区","941"
"蛇博物馆","日俄监狱","182"
"西炮台","蛇博物馆","333"
"历史博物馆","西炮台","134"
"生命奥秘博物馆","历史博物馆","429"
"黄金海岸","生命奥秘博物馆","85"
"星海广场","黄金海岸","301"
"圣亚海洋世界","星海广场","819"
"老虎滩海洋馆","圣亚海洋世界","690"
"棒棰岛","老虎滩海洋馆","256"
"森林动物园","棒棰岛","99"
"滨海路","森林动物园","38"
"劳动公园","滨海路","511"
"跨海大桥","劳动公园","220"
"金石滩","跨海大桥","928"
"白玉山景区","跨海大桥","518"
"日俄监狱","东鸡冠山景区","747"
"蛇博物馆","白玉山景区","295"
"西炮台","日俄监狱","753"
"历史博物馆","蛇博物馆","170"
"生命奥秘博物馆","西炮台","259"
"黄金海岸","历史博物馆","578"
"星海广场","生命奥秘博物馆","917"
"圣亚海洋世界","黄金海岸","238"
"老虎滩海洋馆","星海广场","924"
"棒棰岛","圣亚海洋世界","374"
"森林动物园","老虎滩海洋馆","228"
"滨海路","棒棰岛","249"
"劳动公园","森林动物园","967"
"跨海大桥","滨海路","952"
"日俄监狱","劳动公园","419"
"金石滩","劳动公园","985"
"西炮台","白玉山景区","4"
"蛇博物馆","东鸡冠山景区","219"
"历史博物馆","日俄监狱","239"
"生命奥秘博物馆","蛇博物馆","374"
"黄金海岸","西炮台","386"
"星海广场","历史博物馆","797"
"圣亚海洋世界","生命奥秘博物馆","903"
"老虎滩海洋馆","黄金海岸","28"
"森林动物园","圣亚海洋世界","28"
"棒棰岛","星海广场","950"
"滨海路","老虎滩海洋馆","453"
"劳动公园","棒棰岛","871"
"跨海大桥","森林动物园","691"
"金石滩","滨海路","559"
"蛇博物馆","金石滩","176"
"西炮台","蛇博物馆","4"
"生命奥秘博物馆","历史博物馆","49"
"历史博物馆","西炮台","153"
"星海广场","黄金海岸","129"
"黄金海岸","生命奥秘博物馆","221"
"圣亚海洋世界","星海广场","282"
"老虎滩海洋馆","圣亚海洋世界","606"
"棒棰岛","老虎滩海洋馆","217"
"森林动物园","棒棰岛","425"
"劳动公园","滨海路","218"
"滨海路","森林动物园","737"
"跨海大桥","劳动公园","151"
"金石滩","跨海大桥","761"
"西炮台","金石滩","562"
"历史博物馆","西炮台","632"
"生命奥秘博物馆","历史博物馆","907"
"黄金海岸","生命奥秘博物馆","175"
"星海广场","黄金海岸","137"
"圣亚海洋世界","星海广场","429"
"老虎滩海洋馆","圣亚海洋世界","603"
"棒棰岛","老虎滩海洋馆","284"
"森林动物园","棒棰岛","789"
"滨海路","森林动物园","227"
"劳动公园","滨海路","542"
"跨海大桥","劳动公园","787"
"金石滩","跨海大桥","637"
"历史博物馆","金石滩","686"
"生命奥秘博物馆","历史博物馆","121"
"黄金海岸","生命奥秘博物馆","338"
"星海广场","黄金海岸","361"
"老虎滩海洋馆","圣亚海洋世界","524"
"棒棰岛","老虎滩海洋馆","254"
"森林动物园","棒棰岛","126"
"圣亚海洋世界","星海广场","663"
"滨海路","森林动物园","221"
"劳动公园","滨海路","942"
"跨海大桥","劳动公园","739"
"金石滩","跨海大桥","70"
"生命奥秘博物馆","金石滩","137"
"黄金海岸","生命奥秘博物馆","62"
"星海广场","黄金海岸","816"
"圣亚海洋世界","星海广场","427"
"老虎滩海洋馆","圣亚海洋世界","506"
"棒棰岛","老虎滩海洋馆","286"
"森林动物园","棒棰岛","295"
"滨海路","森林动物园","95"
"劳动公园","滨海路","423"
"跨海大桥","劳动公园","621"
"金石滩","跨海大桥","30"
"黄金海岸","金石滩","918"
"圣亚海洋世界","星海广场","573"
"老虎滩海洋馆","圣亚海洋世界","829"
"棒棰岛","老虎滩海洋馆","206"
"森林动物园","棒棰岛","635"
"滨海路","森林动物园","64"
"劳动公园","滨海路","646"
"跨海大桥","劳动公园","571"
"金石滩","跨海大桥","832"
"圣亚海洋世界","金石滩","829"
"老虎滩海洋馆","圣亚海洋世界","329"
"星海广场","黄金海岸","776"
"棒棰岛","老虎滩海洋馆","701"
"森林动物园","棒棰岛","965"
"滨海路","森林动物园","552"
"劳动公园","滨海路","150"
"跨海大桥","劳动公园","771"
"金石滩","跨海大桥","293"
"老虎滩海洋馆","金石滩","998"
"棒棰岛","老虎滩海洋馆","118"
"森林动物园","棒棰岛","899"
"滨海路","森林动物园","675"
"劳动公园","滨海路","780"
"跨海大桥","劳动公园","884"
"金石滩","跨海大桥","599"
