"cell_1","cell_2","cell_3"
"沈阳市","检查次数","28608"
"沈阳市","隐患数","8714"
"沈阳市","现场整改","7981"
"沈阳市","限期整改","733"
"沈阳市","限期整改已整改数","482"
"沈阳市","整改率","65.8"
"大连市","检查次数","0"
"大连市","隐患数","0"
"大连市","现场整改","0"
"大连市","限期整改","0"
"大连市","限期整改已整改数","0"
"大连市","整改率","0"
"鞍山市","检查次数","2"
"鞍山市","隐患数","2"
"鞍山市","现场整改","1"
"鞍山市","限期整改","1"
"鞍山市","限期整改已整改数","1"
"鞍山市","整改率","100"
"抚顺市","检查次数","4"
"抚顺市","隐患数","4"
"抚顺市","现场整改","2"
"抚顺市","限期整改","2"
"抚顺市","限期整改已整改数","2"
"抚顺市","整改率","100"
"本溪市","检查次数","2"
"本溪市","隐患数","2"
"本溪市","现场整改","0"
"本溪市","限期整改","2"
"本溪市","限期整改已整改数","2"
"本溪市","整改率","100"
"丹东市","检查次数","8"
"丹东市","隐患数","9"
"丹东市","现场整改","4"
"丹东市","限期整改","5"
"丹东市","限期整改已整改数","2"
"丹东市","整改率","0"
"锦州市","检查次数","4"
"锦州市","隐患数","4"
"锦州市","现场整改","4"
"锦州市","限期整改","0"
"锦州市","限期整改已整改数","0"
"锦州市","整改率","40"
"营口市","检查次数","27"
"营口市","隐患数","26"
"营口市","现场整改","9"
"营口市","限期整改","17"
"营口市","限期整改已整改数","10"
"营口市","整改率","58.8"
"阜新市","检查次数","1"
"阜新市","隐患数","1"
"阜新市","现场整改","0"
"阜新市","限期整改","1"
"阜新市","限期整改已整改数","0"
"阜新市","整改率","0"
"辽阳市","检查次数","1"
"辽阳市","隐患数","1"
"辽阳市","现场整改","0"
"辽阳市","限期整改","1"
"辽阳市","限期整改已整改数","1"
"辽阳市","整改率","100"
"盘锦市","检查次数","0"
"盘锦市","隐患数","0"
"盘锦市","现场整改","0"
"盘锦市","限期整改","0"
"盘锦市","限期整改已整改数","0"
"盘锦市","整改率","0"
"铁岭市","检查次数","5"
"铁岭市","隐患数","6"
"铁岭市","现场整改","1"
"铁岭市","限期整改","5"
"铁岭市","限期整改已整改数","0"
"铁岭市","整改率","0"
"朝阳市","检查次数","0"
"朝阳市","隐患数","0"
"朝阳市","现场整改","0"
"朝阳市","限期整改","0"
"朝阳市","限期整改已整改数","0"
"朝阳市","整改率","0"
"葫芦岛市","检查次数","135"
"葫芦岛市","隐患数","307"
"葫芦岛市","现场整改","27"
"葫芦岛市","限期整改","280"
"葫芦岛市","限期整改已整改数","97"
"葫芦岛市","整改率","34.6"
