"cell_1","cell_2","cell_3"
"辽宁省","黑龙江","380"
"辽宁省","吉林省","112"
"辽宁省","河北省","465"
"辽宁省","河南省","248"
"辽宁省","湖北省","270"
"辽宁省","湖南省","500"
"辽宁省","山东省","422"
"辽宁省","山西省","442"
"辽宁省","陕西省","37"
"辽宁省","安徽省","283"
"辽宁省","浙江省","151"
"辽宁省","江苏省","115"
"辽宁省","福建省","441"
"辽宁省","广东省","487"
"辽宁省","海南省","240"
"辽宁省","四川省","301"
"辽宁省","云南省","15"
"辽宁省","贵州省","229"
"辽宁省","青海省","38"
"辽宁省","甘肃省","17"
"辽宁省","江西省","244"
"辽宁省","内蒙古自治区","142"
"辽宁省","宁夏回族自治区","166"
"辽宁省","新疆维吾尔自治区","341"
"辽宁省","西藏自治区","341"
"辽宁省","广西壮族自治区","213"
"辽宁省","北京市","327"
"辽宁省","上海市","465"
"辽宁省","天津市","120"
"辽宁省","重庆市","115"
