"cell_1","cell_2","cell_3"
"Books","Illinois","522"
"Books","Tennessee","1566"
"Books","Mississippi","329"
"Books","Michigan","1528"
"Books","Indiana","337"
"Books","Kentucky","229"
"Books","Alabama","710"
"Kitchenware","Illinois","1036"
"Kitchenware","Tennessee","3031"
"Kitchenware","Mississippi","593"
"Kitchenware","Michigan","4176"
"Kitchenware","Indiana","525"
"Kitchenware","Kentucky","611"
"Kitchenware","Alabama","1221"
"Appliances","Illinois","1043"
"Appliances","Tennessee","3372"
"Appliances","Mississippi","633"
"Appliances","Michigan","3400"
"Appliances","Indiana","711"
"Appliances","Kentucky","515"
"Appliances","Alabama","1231"
"VideoGames","Illinois","744"
"VideoGames","Tennessee","2607"
"VideoGames","Mississippi","446"
"VideoGames","Michigan","3322"
"VideoGames","Indiana","795"
"VideoGames","Kentucky","495"
"VideoGames","Alabama","986"
"Clothing","Illinois","647"
"Clothing","Tennessee","1189"
"Clothing","Mississippi","267"
"Clothing","Michigan","2081"
"Clothing","Indiana","376"
"Clothing","Kentucky","444"
"Clothing","Alabama","550"
"Auto Accessories","Illinois","537"
"Auto Accessories","Tennessee","2081"
"Auto Accessories","Mississippi","343"
"Auto Accessories","Michigan","2059"
"Auto Accessories","Indiana","378"
"Auto Accessories","Kentucky","215"
"Auto Accessories","Alabama","753"
"Office Supplies","Illinois","1113"
"Office Supplies","Tennessee","3031"
"Office Supplies","Mississippi","422"
"Office Supplies","Michigan","3494"
"Office Supplies","Indiana","598"
"Office Supplies","Kentucky","269"
"Office Supplies","Alabama","857"
"Sports","Illinois","257"
"Sports","Tennessee","1321"
"Sports","Mississippi","265"
"Sports","Michigan","1152"
"Sports","Indiana","330"
"Sports","Kentucky","207"
"Sports","Alabama","233"
