"cell_1","cell_2","cell_3","cell_4"
"CDMA3G mobile phone","4612231","923","CDMA3G mobile phone"
"GPS navigation","730269","731","GPS navigation"
"MP3","226452","668","MP3"
"MP4","483662","538","MP4"
"One machine","2359410","590","One machine"
"Disposable paper cups","26762","1416","Disposable paper cups"
"Three tents","445710","895","Three tents"
"Three anti-cell phone","5791523","1159","Three anti-cell phone"
"Netbook","3907839","1261","Netbook"
"Non-stick wok","178105","895","Non-stick wok"
"Fitness clothes","617613","687","Fitness clothes"
"Fitness meaning","23300","932","Fitness meaning"
"Fitness car","1384734","1066","Fitness car"
"6 sets of storage box","176526","934","Water Heater 11"
"Children's suits","584136","1464","Children's suits"
"refrigerator","1723744","913","refrigerator"
"Jackets","249696","544","Jackets"
"7 sets of tools","201716","844","7 sets of tools"
"Power amplifier","2007088","1256","Power amplifier"
"humidifier","49005","495","humidifier"
"Makeup Daquan","105154","1073","Makeup Daquan"
"SLR operation guide","7375","125","SLR operation guide"
"SLR digital camera sets of machines","1163570","1293","SLR digital camera sets of machines"
"Card camera","876700","797","Card camera"
"Desktop","2741004","596","Desktop"
"Repetition machine","156297","983","Repetition machine"
"Multi-function knife","117777","913","Multi-function knife"
"telescope","196940","458","telescope"
"Lady bag","397602","398","Lady bag"
"Walkie - talkie","147908","412","Walkie - talkie"
"tablet","1021407","393","tablet"
"Four sheets of bed sheets","1052443","1757","Four sheets of bed sheets"
"Micro single digital camera","4108666","934","Micro single digital camera"
"Microwave oven","292414","586","Microwave oven"
"Success","48360","1240","Success"
"Print copy machine","1539615","385","Print copy machine"
"printer","729487","913","printer"
"scanner","948740","1066","scanner"
"projector","4430557","1343","projector"
"Fault emergency box","161131","269","Fault emergency box"
"traveling backpack","461340","660","traveling backpack"
"Juicer","113142","1038","Juicer"
"Woolen jacket female","1143846","954","Woolen jacket female"
"seat cushion","89595","905","seat cushion"
"Car antenna","36777","533","Car antenna"
"Car cleaning kit","103082","398","Car cleaning kit"
"car perfume","56595","1029","car perfume"
"sofa","3741996","1567","sofa"
"washing machine","805567","733","washing machine"
"LCD TV","5413917","1083","LCD TV"
"Electric pressure cooker","243541","1019","Electric pressure cooker"
"Electronic dictionary","113715","285","Electronic dictionary"
"Power converter","12530","358","Power converter"
"Electric oven","178304","896","Water Heater 17"
"Induction Cooker","576954","1446","Induction Cooker"
"Computer Desk","517328","1736","Computer Desk"
"Rice cooker","231858","1171","Water Heater 26"
"Electric baking pan","532126","1337","Electric baking pan"
"men's wallet","333963","837","men's wallet"
"Mobile 3G mobile phone","1763941","353","Mobile 3G mobile phone"
"air purifier","20709","351","air purifier"
"air conditioning","3574510","1490","air conditioning"
"laptop","1067822","178","laptop"
"Attendance machine","466550","1333","Attendance machine"
"English textbooks","89694","906","English textbooks"
"coffee table","363196","404","coffee table"
"hanger","67483","377","hanger"
"Timer","34733","1263","Timer"
"Car MP3","197177","733","Car MP3"
"Software engineering","55755","945","Software engineering"
"sports watch","301543","347","sports watch"
"sports shoes","498046","554","sports shoes"
"Mini stereo","533862","669","Mini stereo"
"Telephoto digital camera","1279360","640","Telephoto digital camera"
"Anti-theft lock","30248","152","Anti-theft lock"
"Bread machine","25506","234","Bread machine"
"Music phone","131835","165","Music phone"
