"cell_1","cell_2","cell_3"
"沈阳市","企业总数","90499"
"沈阳市","大中小型企业","11707"
"沈阳市","微型企业","78792"
"沈阳市","非煤矿山企业","57"
"沈阳市","烟花爆竹企业","38"
"沈阳市","危险化学品企业","430"
"沈阳市","其它企业数量","43917"
"沈阳市","工贸企业","46098"
"大连市","企业总数","2060"
"大连市","大中小型企业","2060"
"大连市","微型企业","0"
"大连市","非煤矿山企业","69"
"大连市","烟花爆竹企业","15"
"大连市","危险化学品企业","234"
"大连市","工贸企业","638"
"大连市","其它企业数量","1111"
"鞍山市","企业总数","2572"
"鞍山市","大中小型企业","2572"
"鞍山市","微型企业","0"
"鞍山市","非煤矿山企业","220"
"鞍山市","烟花爆竹企业","163"
"鞍山市","危险化学品企业","301"
"鞍山市","工贸企业","545"
"鞍山市","其它企业数量","1359"
"抚顺市","企业总数","455"
"抚顺市","大中小型企业","455"
"抚顺市","微型企业","0"
"抚顺市","非煤矿山企业","9"
"抚顺市","烟花爆竹企业","0"
"抚顺市","危险化学品企业","0"
"抚顺市","工贸企业","18"
"抚顺市","其它企业数量","428"
"本溪市","企业总数","507"
"本溪市","大中小型企业","507"
"本溪市","微型企业","0"
"本溪市","非煤矿山企业","109"
"本溪市","烟花爆竹企业","5"
"本溪市","危险化学品企业","131"
"本溪市","工贸企业","107"
"本溪市","其它企业数量","163"
"丹东市","企业总数","1680"
"丹东市","大中小型企业","1624"
"丹东市","微型企业","56"
"丹东市","非煤矿山企业","352"
"丹东市","烟花爆竹企业","27"
"丹东市","危险化学品企业","55"
"丹东市","工贸企业","658"
"丹东市","其它企业数量","591"
"锦州市","企业总数","363"
"锦州市","大中小型企业","333"
"锦州市","微型企业","30"
"锦州市","非煤矿山企业","45"
"锦州市","烟花爆竹企业","1"
"锦州市","危险化学品企业","78"
"锦州市","工贸企业","107"
"锦州市","其它企业数量","134"
"营口市","企业总数","1712"
"营口市","大中小型企业","1708"
"营口市","微型企业","4"
"营口市","非煤矿山企业","162"
"营口市","烟花爆竹企业","6"
"营口市","危险化学品企业","269"
"营口市","工贸企业","491"
"营口市","其它企业数量","794"
"阜新市","企业总数","572"
"阜新市","大中小型企业","572"
"阜新市","微型企业","0"
"阜新市","非煤矿山企业","44"
"阜新市","烟花爆竹企业","3"
"阜新市","危险化学品企业","137"
"阜新市","工贸企业","118"
"阜新市","其它企业数量","272"
"辽阳市","企业总数","295"
"辽阳市","大中小型企业","295"
"辽阳市","微型企业","0"
"辽阳市","非煤矿山企业","46"
"辽阳市","烟花爆竹企业","2"
"辽阳市","危险化学品企业","31"
"辽阳市","工贸企业","84"
"辽阳市","其它企业数量","133"
"盘锦市","企业总数","1241"
"盘锦市","大中小型企业","1241"
"盘锦市","微型企业","0"
"盘锦市","非煤矿山企业","44"
"盘锦市","烟花爆竹企业","18"
"盘锦市","危险化学品企业","299"
"盘锦市","工贸企业","375"
"盘锦市","其它企业数量","513"
"铁岭市","企业总数","1664"
"铁岭市","大中小型企业","1664"
"铁岭市","微型企业","0"
"铁岭市","非煤矿山企业","86"
"铁岭市","烟花爆竹企业","23"
"铁岭市","危险化学品企业","238"
"铁岭市","工贸企业","747"
"朝阳市","企业总数","1249"
"铁岭市","其它企业数量","572"
"朝阳市","大中小型企业","1249"
"朝阳市","微型企业","0"
"朝阳市","烟花爆竹企业","14"
"朝阳市","危险化学品企业","220"
"朝阳市","非煤矿山企业","297"
"朝阳市","工贸企业","197"
"朝阳市","其它企业数量","528"
"葫芦岛市","企业总数","1831"
"葫芦岛市","大中小型企业","1254"
"葫芦岛市","微型企业","577"
"葫芦岛市","非煤矿山企业","169"
"葫芦岛市","烟花爆竹企业","65"
"葫芦岛市","危险化学品企业","227"
"葫芦岛市","工贸企业","454"
"葫芦岛市","其它企业数量","947"
