"cell_1","cell_2","cell_3"
"北京市","119","牛肉"
"天津市","176","牛肉"
"上海市","179","牛肉"
"重庆市","80","牛肉"
"河北省","46","牛肉"
"山西省","23","牛肉"
"辽宁省","192","牛肉"
"吉林省","25","牛肉"
"黑龙江省","103","牛肉"
"江苏省","83","牛肉"
"浙江省","24","牛肉"
"安徽省","142","牛肉"
"福建省","54","牛肉"
"江西省","56","牛肉"
"山东省","131","牛肉"
"河南省","95","牛肉"
"湖北省","29","牛肉"
"湖南省","64","牛肉"
"广东省","180","牛肉"
"海南省","175","牛肉"
"四川省","190","牛肉"
"贵州省","136","牛肉"
"云南省","56","牛肉"
"陕西省","114","牛肉"
"青海省","72","牛肉"
"台湾省","4","牛肉"
"内蒙古自治区","141","牛肉"
"广西壮族自治区","195","牛肉"
"西藏自治区","79","牛肉"
"宁夏回族自治区","153","牛肉"
"新疆维吾尔自治区","118","牛肉"
"香港特别行政区","137","牛肉"
"澳门特别行政区","28","牛肉"
"北京市","25","辣椒油"
"天津市","29","辣椒油"
"上海市","41","辣椒油"
"重庆市","7","辣椒油"
"河北省","28","辣椒油"
"山西省","34","辣椒油"
"辽宁省","2","辣椒油"
"吉林省","41","辣椒油"
"黑龙江省","32","兰州百合"
"江苏省","24","兰州百合"
"安徽省","19","兰州百合"
"浙江省","39","兰州百合"
"福建省","36","兰州百合"
"山东省","34","兰州百合"
"河南省","37","兰州百合"
"江西省","33","兰州百合"
"湖北省","33","兰州百合"
"湖南省","41","兰州百合"
"广东省","44","兰州百合"
"海南省","20","兰州百合"
"四川省","9","兰州百合"
"云南省","10","兰州百合"
"陕西省","42","兰州百合"
"甘肃省","28","兰州百合"
"贵州省","23","兰州百合"
"台湾省","0","兰州百合"
"内蒙古自治区","30","兰州百合"
"广西壮族自治区","11","兰州百合"
"西藏自治区","25","兰州百合"
"宁夏回族自治区","44","兰州百合"
"新疆维吾尔自治区","33","兰州百合"
"香港特别行政区","47","兰州百合"
"澳门特别行政区","20","兰州百合"
"北京市","13","羊肉"
"天津市","11","羊肉"
"上海市","30","羊肉"
"重庆市","2","羊肉"
"河北省","40","羊肉"
"辽宁省","49","羊肉"
"山西省","24","羊肉"
"吉林省","6","羊肉"
"黑龙江省","38","羊肉"
"江苏省","11","羊肉"
"浙江省","17","羊肉"
"安徽省","30","羊肉"
"福建省","5","羊肉"
"江西省","12","羊肉"
"山东省","26","羊肉"
"河南省","30","羊肉"
"湖北省","8","羊肉"
"湖南省","33","羊肉"
"广东省","17","羊肉"
"海南省","15","羊肉"
"贵州省","20","羊肉"
"云南省","28","羊肉"
"陕西省","19","羊肉"
"四川省","39","羊肉"
"青海省","15","羊肉"
"澳门特别行政区","21","羊肉"
"北京市","11","苦水玫瑰"
"甘肃省","39","羊肉"
"上海市","11","苦水玫瑰"
"重庆市","15","苦水玫瑰"
"天津市","18","苦水玫瑰"
"河北省","4","苦水玫瑰"
"吉林省","10","苦水玫瑰"
"江西省","5","苦水玫瑰"
"山东省","17","苦水玫瑰"
"河南省","4","苦水玫瑰"
"湖北省","16","苦水玫瑰"
"宁夏回族自治区","10","苦水玫瑰"
"新疆维吾尔自治区","14","苦水玫瑰"
"香港特别行政区","4","苦水玫瑰"
"澳门特别行政区","2","苦水玫瑰"
"北京市","13","三泡台"
"天津市","17","三泡台"
"上海市","14","三泡台"
"黑龙江省","1","三泡台"
"江苏省","9","三泡台"
"浙江省","13","三泡台"
"安徽省","14","三泡台"
"福建省","6","三泡台"
"江西省","12","三泡台"
"山东省","17","三泡台"
"河南省","11","三泡台"
"湖北省","14","三泡台"
"湖南省","14","三泡台"
"广东省","7","三泡台"
"辽宁省","1","苦水玫瑰"
"海南省","2","三泡台"
"四川省","19","三泡台"
"贵州省","14","三泡台"
"云南省","10","三泡台"
"陕西省","16","三泡台"
"甘肃省","10","三泡台"
"青海省","14","三泡台"
"台湾省","3","三泡台"
"内蒙古自治区","8","三泡台"
"广西壮族自治区","10","三泡台"
"山西省","9","苦水玫瑰"
