"cell_1","cell_2","cell_3"
"沈阳市","重大危险源","69"
"沈阳市","重大危险源数量","73"
"沈阳市","一级","16"
"沈阳市","二级","11"
"沈阳市","三级","21"
"沈阳市","四级","25"
"大连市","重大危险源","52"
"大连市","重大危险源数量","68"
"大连市","一级","19"
"大连市","二级","5"
"大连市","三级","22"
"大连市","四级","22"
"鞍山市","重大危险源","69"
"鞍山市","重大危险源数量","69"
"鞍山市","一级","14"
"鞍山市","二级","21"
"鞍山市","三级","15"
"鞍山市","四级","19"
"抚顺市","重大危险源","22"
"抚顺市","重大危险源数量","30"
"抚顺市","一级","2"
"抚顺市","二级","1"
"抚顺市","三级","13"
"抚顺市","四级","14"
"本溪市","重大危险源","13"
"本溪市","重大危险源数量","13"
"本溪市","一级","0"
"本溪市","二级","2"
"本溪市","三级","4"
"本溪市","四级","7"
"丹东市","重大危险源","12"
"丹东市","重大危险源数量","14"
"丹东市","一级","3"
"丹东市","二级","7"
"丹东市","三级","2"
"丹东市","四级","2"
"锦州市","重大危险源","25"
"锦州市","重大危险源数量","30"
"锦州市","一级","5"
"锦州市","二级","4"
"锦州市","三级","19"
"锦州市","四级","2"
"营口市","重大危险源","24"
"营口市","重大危险源数量","27"
"营口市","一级","6"
"营口市","二级","3"
"营口市","三级","16"
"营口市","四级","2"
"阜新市","重大危险源","11"
"阜新市","重大危险源数量","12"
"阜新市","一级","2"
"阜新市","二级","0"
"阜新市","三级","8"
"阜新市","四级","2"
"辽阳市","重大危险源","54"
"辽阳市","重大危险源数量","62"
"辽阳市","一级","26"
"辽阳市","二级","8"
"辽阳市","四级","12"
"辽阳市","三级","16"
"盘锦市","重大危险源","21"
"盘锦市","重大危险源数量","24"
"盘锦市","一级","5"
"盘锦市","二级","5"
"盘锦市","三级","8"
"盘锦市","四级","6"
"铁岭市","重大危险源","46"
"铁岭市","重大危险源数量","48"
"铁岭市","一级","8"
"铁岭市","二级","8"
"铁岭市","三级","19"
"铁岭市","四级","13"
"朝阳市","重大危险源","70"
"朝阳市","重大危险源数量","81"
"朝阳市","一级","10"
"朝阳市","二级","15"
"朝阳市","三级","46"
"朝阳市","四级","10"
